id,created_at,updeted_at,level,location,name,desctiption,county,avg_rating,longitude,latitude,img1,img2,img3,img4,img5,
,2019-08-13  5:22:47,2019-08-13  5:22:47,easy,north,野柳,野柳是個位於東北角的優質潛點，尤其適合夜潛。擁有獨特的大片海扇林、紅條、魟魚、軟絲仔、章魚、剝皮魚群 … 也能看到龍蝦、軟絲仔、章魚、紅尾冬、水母群。,新北市萬里區,0,121.68961,25.20475,https://upload.wikimedia.org/wikipedia/commons/thumb/1/1b/Yehliu.jpg/1024px-Yehliu.jpg,https://upload.wikimedia.org/wikipedia/commons/thumb/1/1b/Yehliu.jpg/1024px-Yehliu.jpg,https://live.staticflickr.com/3212/2500855383_e780584ea1_b.jpg,https://upload.wikimedia.org/wikipedia/commons/thumb/8/81/1_yehliu_2015_panorama.jpg/1920px-1_yehliu_2015_panorama.jpg,https://flic.kr/p/29FwbH1,https://flic.kr/p/2a578rW
,2019-08-13  5:22:47,2019-08-13  5:22:47,medium,north,八斗子-祕密花園,此處為過去的垃圾掩埋場，現為潮境公園。行進須特別小心。此潛點最大深度約 25 Ｍ左右，由於上下潛點不易，海底還保留大量的軟珊瑚群， 有秘密花園之稱。,新北市瑞芳區,0,121.80286,25.13528,https://lh3.googleusercontent.com/4aPcNac7GIvNlYq53QOfai2s1dmNiE1hGBvzJBmRqPKelDZ1UgItB5Z8bwFiQ6guF9Xm69zdcZ1ge6KirMsYrzD3RD4rWoQU1rEvsni7aoGNUOoqCRZWf8Xn15y7eDTH-W5Ouj-u=w2400,,,,,
,2019-08-13  5:22:47,2019-08-13  5:22:47,medium,north,深澳岬角(象鼻岩景觀區),此處是漁船進出花瓶嶼、彭加嶼、基隆嶼的港口。從油庫左側進入約 100 公尺，走到盡頭是一個岬角，水深約 25 Ｍ左右，海底落差大，常有大型迴游性魚類出現。,新北市瑞芳區,0,121.82443,25.13559,https://lh3.googleusercontent.com/4aPcNac7GIvNlYq53QOfai2s1dmNiE1hGBvzJBmRqPKelDZ1UgItB5Z8bwFiQ6guF9Xm69zdcZ1ge6KirMsYrzD3RD4rWoQU1rEvsni7aoGNUOoqCRZWf8Xn15y7eDTH-W5Ouj-u=w2400,,,,,
,2019-08-13  5:22:47,2019-08-13  5:22:47,medium,north,長潭,是個小漁港旁的初級潛場。好停車，路旁一停走 5 分鐘就到岸邊。此處地形都是小型礁岩場， 13 米 處見底都是沙子。地形簡單，冬天花枝很多。,基隆市中正區,0,121.80106,25.14048,https://lh3.googleusercontent.com/4aPcNac7GIvNlYq53QOfai2s1dmNiE1hGBvzJBmRqPKelDZ1UgItB5Z8bwFiQ6guF9Xm69zdcZ1ge6KirMsYrzD3RD4rWoQU1rEvsni7aoGNUOoqCRZWf8Xn15y7eDTH-W5Ouj-u=w2400,,,,,
,2019-08-13  5:22:47,2019-08-13  5:22:47,medium,north,蝙蝠洞,公園有樓梯與可下水的斜坡平台，延著右側的海岸線前進，就可找到潛點，水深約8 公尺，海底礁石有特殊的一線天地形，是少見的濱海美景，潛水者也可享受從中穿越的快感。,新北市瑞芳區,0,121.83211,25.12631,https://lh3.googleusercontent.com/4aPcNac7GIvNlYq53QOfai2s1dmNiE1hGBvzJBmRqPKelDZ1UgItB5Z8bwFiQ6guF9Xm69zdcZ1ge6KirMsYrzD3RD4rWoQU1rEvsni7aoGNUOoqCRZWf8Xn15y7eDTH-W5Ouj-u=w2400,,,,,
,2019-08-13  5:22:47,2019-08-13  5:22:47,,north,外木山,此潛點在灣裡，只要不踢太遠通常很安全。水深 12 米 ，能見度 5 -8 米 。如果踢出去一點，有許多雀鯛、小型的熱帶魚。,基隆市中山區,0,121.7271,25.16332,https://lh3.googleusercontent.com/4aPcNac7GIvNlYq53QOfai2s1dmNiE1hGBvzJBmRqPKelDZ1UgItB5Z8bwFiQ6guF9Xm69zdcZ1ge6KirMsYrzD3RD4rWoQU1rEvsni7aoGNUOoqCRZWf8Xn15y7eDTH-W5Ouj-u=w2400,,,,,
,2019-08-13  5:22:47,2019-08-13  5:22:47,,north,和平島,尚無資料,基隆市中山區,0,121.76805,25.15805,https://lh3.googleusercontent.com/4aPcNac7GIvNlYq53QOfai2s1dmNiE1hGBvzJBmRqPKelDZ1UgItB5Z8bwFiQ6guF9Xm69zdcZ1ge6KirMsYrzD3RD4rWoQU1rEvsni7aoGNUOoqCRZWf8Xn15y7eDTH-W5Ouj-u=w2400,,,,,
,2019-08-13  5:22:47,2019-08-13  5:22:47,,north,龍洞4號,尚無資料,新北市貢寮區,0,121.91995,25.1129,https://lh3.googleusercontent.com/4aPcNac7GIvNlYq53QOfai2s1dmNiE1hGBvzJBmRqPKelDZ1UgItB5Z8bwFiQ6guF9Xm69zdcZ1ge6KirMsYrzD3RD4rWoQU1rEvsni7aoGNUOoqCRZWf8Xn15y7eDTH-W5Ouj-u=w2400,,,,,
,2019-08-13  5:22:47,2019-08-13  5:22:47,,north,82.5K,尚無資料,新北市瑞芳區,0,121.89971,25.12016,https://lh3.googleusercontent.com/4aPcNac7GIvNlYq53QOfai2s1dmNiE1hGBvzJBmRqPKelDZ1UgItB5Z8bwFiQ6guF9Xm69zdcZ1ge6KirMsYrzD3RD4rWoQU1rEvsni7aoGNUOoqCRZWf8Xn15y7eDTH-W5Ouj-u=w2400,,,,,
,2019-08-13  5:22:47,2019-08-13  5:22:47,,north,龍洞,此處是個潛水聖地，有一些熱帶魚、小丑魚，軟珊瑚、海葵花。晚上可見到龍蝦、螳螂蝦、花枝、軟絲仔，也有礁盤、貝類、筍螺。,新北市貢寮區,0,121.92028,25.11001,https://lh3.googleusercontent.com/4aPcNac7GIvNlYq53QOfai2s1dmNiE1hGBvzJBmRqPKelDZ1UgItB5Z8bwFiQ6guF9Xm69zdcZ1ge6KirMsYrzD3RD4rWoQU1rEvsni7aoGNUOoqCRZWf8Xn15y7eDTH-W5Ouj-u=w2400,,,,,
,2019-08-13  5:22:47,2019-08-13  5:22:47,,north,和美89K,停車很方便。下水點從九孔出發， 45 度踢出去 150 米 會看到中途島，大約25 米深處長礁盤。有一些熱帶魚、小丑魚，軟珊瑚、金梭魚，晚上能見到龍蝦、九孔。,新北市貢寮區,0,121.917,25.0932,https://lh3.googleusercontent.com/4aPcNac7GIvNlYq53QOfai2s1dmNiE1hGBvzJBmRqPKelDZ1UgItB5Z8bwFiQ6guF9Xm69zdcZ1ge6KirMsYrzD3RD4rWoQU1rEvsni7aoGNUOoqCRZWf8Xn15y7eDTH-W5Ouj-u=w2400,,,,,
,2019-08-13  5:22:47,2019-08-13  5:22:47,,north,四季灣,尚無資料,新北市貢寮區,0,121.9182,25.1018,https://lh3.googleusercontent.com/4aPcNac7GIvNlYq53QOfai2s1dmNiE1hGBvzJBmRqPKelDZ1UgItB5Z8bwFiQ6guF9Xm69zdcZ1ge6KirMsYrzD3RD4rWoQU1rEvsni7aoGNUOoqCRZWf8Xn15y7eDTH-W5Ouj-u=w2400,,,,,
,2019-08-13  5:22:47,2019-08-13  5:22:47,,north,海洋公園,尚無資料,新北市貢寮區,0,121.91764,25.11819,https://lh3.googleusercontent.com/4aPcNac7GIvNlYq53QOfai2s1dmNiE1hGBvzJBmRqPKelDZ1UgItB5Z8bwFiQ6guF9Xm69zdcZ1ge6KirMsYrzD3RD4rWoQU1rEvsni7aoGNUOoqCRZWf8Xn15y7eDTH-W5Ouj-u=w2400,,,,,
,2019-08-13  5:22:47,2019-08-13  5:22:47,,north,石門洞,"此為海蝕洞(海拱)，洞高約十公尺，在此欣賞夕陽餘暈，霞光灑滿海面，煞是燦爛。
濱臨海面的岩塊受海水侵蝕，形成海蝕拱門，後因地殼上昇，基面高出海平面而保留至今。",新北市石門區,0,121.56842,25.2958,https://lh3.googleusercontent.com/4aPcNac7GIvNlYq53QOfai2s1dmNiE1hGBvzJBmRqPKelDZ1UgItB5Z8bwFiQ6guF9Xm69zdcZ1ge6KirMsYrzD3RD4rWoQU1rEvsni7aoGNUOoqCRZWf8Xn15y7eDTH-W5Ouj-u=w2400,,,,,
,2019-08-13  5:22:47,2019-08-13  5:22:47,,north,駱駝峰,尚無資料,新北市萬里區,0,121.69434,25.20309,https://lh3.googleusercontent.com/4aPcNac7GIvNlYq53QOfai2s1dmNiE1hGBvzJBmRqPKelDZ1UgItB5Z8bwFiQ6guF9Xm69zdcZ1ge6KirMsYrzD3RD4rWoQU1rEvsni7aoGNUOoqCRZWf8Xn15y7eDTH-W5Ouj-u=w2400,,,,,
,2019-08-13  5:22:47,2019-08-13  5:22:47,,north,龜吼,岸潛踢出去100米，最深只有5米 ，如果往外海踢出去 300米下潛，會看到軟珊瑚及小丑魚。留意軟珊瑚會看到一些海葵蝦。往野柳方向有機會看到海扇林，要注意水流。,新北市萬里區,0,121.68632,25.19578,https://lh3.googleusercontent.com/4aPcNac7GIvNlYq53QOfai2s1dmNiE1hGBvzJBmRqPKelDZ1UgItB5Z8bwFiQ6guF9Xm69zdcZ1ge6KirMsYrzD3RD4rWoQU1rEvsni7aoGNUOoqCRZWf8Xn15y7eDTH-W5Ouj-u=w2400,,,,,
,2019-08-13  5:22:47,2019-08-13  5:22:47,,north,桂安漁港,利用濱海公路外側岩礁窪地闢建而成，現有簡易碼頭一座及曳船道一處，提供舢舨漁船使用。外側護岸兼有防波作用，惟長度甚短，功效不彰。,新北市貢寮區,0,121.96212,25.02183,https://lh3.googleusercontent.com/4aPcNac7GIvNlYq53QOfai2s1dmNiE1hGBvzJBmRqPKelDZ1UgItB5Z8bwFiQ6guF9Xm69zdcZ1ge6KirMsYrzD3RD4rWoQU1rEvsni7aoGNUOoqCRZWf8Xn15y7eDTH-W5Ouj-u=w2400,,,,,
,2019-08-13  5:22:47,2019-08-13  5:22:47,hard,north,小香蘭,目前已廢港,新北市貢寮區,0,121.97175,25.02497,https://lh3.googleusercontent.com/4aPcNac7GIvNlYq53QOfai2s1dmNiE1hGBvzJBmRqPKelDZ1UgItB5Z8bwFiQ6guF9Xm69zdcZ1ge6KirMsYrzD3RD4rWoQU1rEvsni7aoGNUOoqCRZWf8Xn15y7eDTH-W5Ouj-u=w2400,,,,,
,2019-08-13  5:22:47,2019-08-13  5:22:47,,north,金沙灣,尚無資料,新北市貢寮區,0,121.91511,25.07689,https://lh3.googleusercontent.com/4aPcNac7GIvNlYq53QOfai2s1dmNiE1hGBvzJBmRqPKelDZ1UgItB5Z8bwFiQ6guF9Xm69zdcZ1ge6KirMsYrzD3RD4rWoQU1rEvsni7aoGNUOoqCRZWf8Xn15y7eDTH-W5Ouj-u=w2400,,,,,
,2019-08-13  5:22:47,2019-08-13  5:22:47,,north,金沙灣九孔池,尚無資料,新北市萬里區,0,121.69407,25.20292,https://lh3.googleusercontent.com/4aPcNac7GIvNlYq53QOfai2s1dmNiE1hGBvzJBmRqPKelDZ1UgItB5Z8bwFiQ6guF9Xm69zdcZ1ge6KirMsYrzD3RD4rWoQU1rEvsni7aoGNUOoqCRZWf8Xn15y7eDTH-W5Ouj-u=w2400,,,,,
,2019-08-13  5:22:47,2019-08-13  5:22:47,hard,north,馬崗,是個高級潛場，要算漲退潮。因為接近突舺，流水比較大，也很多釣客在此處釣魚，來此地潛水安全很重要，水中的海葵花很多。也有很多的黑白毛、黑豬哥、正倒吊、熱帶魚。,新北市貢寮區,0,122.0017,25.01342,https://lh3.googleusercontent.com/4aPcNac7GIvNlYq53QOfai2s1dmNiE1hGBvzJBmRqPKelDZ1UgItB5Z8bwFiQ6guF9Xm69zdcZ1ge6KirMsYrzD3RD4rWoQU1rEvsni7aoGNUOoqCRZWf8Xn15y7eDTH-W5Ouj-u=w2400,,,,,
,2019-08-13  5:22:47,2019-08-13  5:22:47,easy,north,卯澳灣,鄰近福連國小內可以清洗，但需付清潔費。停車也方便。是個不錯的場地。內灣裡 12 米就到底，有許許多多的小丑魚、海葵。因為是內灣的關係無海流，是初學者的天堂。,新北市貢寮區,0,121.98951,25.01661,https://lh3.googleusercontent.com/4aPcNac7GIvNlYq53QOfai2s1dmNiE1hGBvzJBmRqPKelDZ1UgItB5Z8bwFiQ6guF9Xm69zdcZ1ge6KirMsYrzD3RD4rWoQU1rEvsni7aoGNUOoqCRZWf8Xn15y7eDTH-W5Ouj-u=w2400,,,,,
,2019-08-13  5:22:47,2019-08-13  5:22:47,,north,美艷山,尚無資料,新北市貢寮區,0,121.91813,25.06892,https://lh3.googleusercontent.com/4aPcNac7GIvNlYq53QOfai2s1dmNiE1hGBvzJBmRqPKelDZ1UgItB5Z8bwFiQ6guF9Xm69zdcZ1ge6KirMsYrzD3RD4rWoQU1rEvsni7aoGNUOoqCRZWf8Xn15y7eDTH-W5Ouj-u=w2400,,,,,
,2019-08-13  5:22:47,2019-08-13  5:22:47,,north,北關,尚無資料,宜蘭縣頭城鎮,0,121.87618,24.91287,https://lh3.googleusercontent.com/4aPcNac7GIvNlYq53QOfai2s1dmNiE1hGBvzJBmRqPKelDZ1UgItB5Z8bwFiQ6guF9Xm69zdcZ1ge6KirMsYrzD3RD4rWoQU1rEvsni7aoGNUOoqCRZWf8Xn15y7eDTH-W5Ouj-u=w2400,,,,,
,2019-08-13  5:22:47,2019-08-13  5:22:47,,north,蘭城,尚無資料,宜蘭縣頭城鎮,0,121.87686,24.91139,https://lh3.googleusercontent.com/4aPcNac7GIvNlYq53QOfai2s1dmNiE1hGBvzJBmRqPKelDZ1UgItB5Z8bwFiQ6guF9Xm69zdcZ1ge6KirMsYrzD3RD4rWoQU1rEvsni7aoGNUOoqCRZWf8Xn15y7eDTH-W5Ouj-u=w2400,,,,,
,2019-08-13  5:22:47,2019-08-13  5:22:47,,north,桶盤堀漁港,尚無資料,宜蘭縣頭城鎮,0,121.93623,24.97346,https://lh3.googleusercontent.com/4aPcNac7GIvNlYq53QOfai2s1dmNiE1hGBvzJBmRqPKelDZ1UgItB5Z8bwFiQ6guF9Xm69zdcZ1ge6KirMsYrzD3RD4rWoQU1rEvsni7aoGNUOoqCRZWf8Xn15y7eDTH-W5Ouj-u=w2400,,,,,
,2019-08-13  5:22:47,2019-08-13  5:22:47,,north,粉鳥林,尚無資料,宜蘭縣蘇澳鎮,0,121.84221,24.49721,https://lh3.googleusercontent.com/4aPcNac7GIvNlYq53QOfai2s1dmNiE1hGBvzJBmRqPKelDZ1UgItB5Z8bwFiQ6guF9Xm69zdcZ1ge6KirMsYrzD3RD4rWoQU1rEvsni7aoGNUOoqCRZWf8Xn15y7eDTH-W5Ouj-u=w2400,,,,,
,2019-08-13  5:22:47,2019-08-13  5:22:47,,north,豆腐岬,尚無資料,宜蘭縣蘇澳鎮,0,121.87143,24.58382,https://lh3.googleusercontent.com/4aPcNac7GIvNlYq53QOfai2s1dmNiE1hGBvzJBmRqPKelDZ1UgItB5Z8bwFiQ6guF9Xm69zdcZ1ge6KirMsYrzD3RD4rWoQU1rEvsni7aoGNUOoqCRZWf8Xn15y7eDTH-W5Ouj-u=w2400,,,,,
,2019-08-13  5:22:47,2019-08-13  5:22:47,,north,烏石港,尚無資料,宜蘭縣頭城鎮,0,121.83691,24.86647,https://lh3.googleusercontent.com/4aPcNac7GIvNlYq53QOfai2s1dmNiE1hGBvzJBmRqPKelDZ1UgItB5Z8bwFiQ6guF9Xm69zdcZ1ge6KirMsYrzD3RD4rWoQU1rEvsni7aoGNUOoqCRZWf8Xn15y7eDTH-W5Ouj-u=w2400,,,,,
,2019-08-13  5:22:47,2019-08-13  5:22:47,easy,north,蚊子坑,尚無資料,新北市貢寮區,0,121.913878,25.102567,https://i.ytimg.com/vi/OOGQka6zZ-o/maxresdefault.jpg,,,,,
,2019-08-13  5:22:47,2019-08-13  5:22:47,easy,north,油庫,尚無資料,基隆市中正區,0,121.793726,25.146004,https://lh3.googleusercontent.com/4aPcNac7GIvNlYq53QOfai2s1dmNiE1hGBvzJBmRqPKelDZ1UgItB5Z8bwFiQ6guF9Xm69zdcZ1ge6KirMsYrzD3RD4rWoQU1rEvsni7aoGNUOoqCRZWf8Xn15y7eDTH-W5Ouj-u=w2400,,,,,
,2019-08-13  5:22:47,2019-08-13  5:22:47,,north,平浪橋,尚無資料,基隆市中正區,0,121.801829,25.140644,https://lh3.googleusercontent.com/4aPcNac7GIvNlYq53QOfai2s1dmNiE1hGBvzJBmRqPKelDZ1UgItB5Z8bwFiQ6guF9Xm69zdcZ1ge6KirMsYrzD3RD4rWoQU1rEvsni7aoGNUOoqCRZWf8Xn15y7eDTH-W5Ouj-u=w2400,,,,,
,2019-08-13  5:22:47,2019-08-13  5:22:47,easy,north,潮境公園,尚無資料,基隆市中正區,0,121.803395,25.144133,https://lh3.googleusercontent.com/4aPcNac7GIvNlYq53QOfai2s1dmNiE1hGBvzJBmRqPKelDZ1UgItB5Z8bwFiQ6guF9Xm69zdcZ1ge6KirMsYrzD3RD4rWoQU1rEvsni7aoGNUOoqCRZWf8Xn15y7eDTH-W5Ouj-u=w2400,,,,,
,2019-08-13  5:22:47,2019-08-13  5:22:47,easy,north,深澳漁港,尚無資料,新北市瑞芳區,0,121.820716,25.132598,https://lh3.googleusercontent.com/4aPcNac7GIvNlYq53QOfai2s1dmNiE1hGBvzJBmRqPKelDZ1UgItB5Z8bwFiQ6guF9Xm69zdcZ1ge6KirMsYrzD3RD4rWoQU1rEvsni7aoGNUOoqCRZWf8Xn15y7eDTH-W5Ouj-u=w2400,,,,,
,2019-08-13  5:22:47,2019-08-13  5:22:47,,north,蘭城,尚無資料,宜蘭縣頭城鎮,0,121.876862,24.911398,https://lh3.googleusercontent.com/4aPcNac7GIvNlYq53QOfai2s1dmNiE1hGBvzJBmRqPKelDZ1UgItB5Z8bwFiQ6guF9Xm69zdcZ1ge6KirMsYrzD3RD4rWoQU1rEvsni7aoGNUOoqCRZWf8Xn15y7eDTH-W5Ouj-u=w2400,,,,,
,2019-08-13  5:22:47,2019-08-13  5:22:47,medium,south,合界,合界沿線海底地形變化大、落差明顯，形成多處大峽谷地形，在下潛時應確實做好耳壓平衡。海底有大量的海百合，色彩種類極多。此潛點以海蛇出沒著稱。最大深度約24米左右。,屏東縣恆春鎮,0,120.71323,21.95563,https://i1.wp.com/divingtw.com/wp-content/uploads/3-2.jpg?fit=636%2C477&ssl=1,https://i2.wp.com/divingtw.com/wp-content/uploads/PB147053-01.jpeg?fit=636%2C477&ssl=1,,,,
,2019-08-13  5:22:47,2019-08-13  5:22:47,,south,七星岩,從鵝鸞鼻乘船約需40分鐘的時間。它是一座海底的大礁石，海流強勁、變化大。水底珊瑚種類多、數量龐大，魚類豐富、數量極多。適合經驗豐富的高級潛水員從事潛水活動。,屏東縣恆春鎮,0,120.8247,21.75888,https://lh3.googleusercontent.com/4aPcNac7GIvNlYq53QOfai2s1dmNiE1hGBvzJBmRqPKelDZ1UgItB5Z8bwFiQ6guF9Xm69zdcZ1ge6KirMsYrzD3RD4rWoQU1rEvsni7aoGNUOoqCRZWf8Xn15y7eDTH-W5Ouj-u=w2400,,,,,
,2019-08-13  5:22:47,2019-08-13  5:22:47,,south,佳樂水石碑,從停車場邊下水，臨近太平洋，風浪較大、水流也較強勁。海底為海蝕溝與平台地形交錯，最大深度約18米以上，水底有大量的石珊瑚、大海扇以及為數眾多的龍蝦群。,屏東縣滿州鄉,0,120.86378,21.99417,https://lh3.googleusercontent.com/4aPcNac7GIvNlYq53QOfai2s1dmNiE1hGBvzJBmRqPKelDZ1UgItB5Z8bwFiQ6guF9Xm69zdcZ1ge6KirMsYrzD3RD4rWoQU1rEvsni7aoGNUOoqCRZWf8Xn15y7eDTH-W5Ouj-u=w2400,,,,,
,2019-08-13  5:22:47,2019-08-13  5:22:47,,south,香蕉灣,船潛活動的大本營。離岸70米後水深約10米左右，地形是廣闊的珊瑚礁平台，海底景象由海蝕礁岩形成的海溝，有大量的石珊瑚。適合夜潛與各級潛水員從事潛水活動。,屏東縣恆春鎮,0,120.83166,21.92528,https://lh3.googleusercontent.com/4aPcNac7GIvNlYq53QOfai2s1dmNiE1hGBvzJBmRqPKelDZ1UgItB5Z8bwFiQ6guF9Xm69zdcZ1ge6KirMsYrzD3RD4rWoQU1rEvsni7aoGNUOoqCRZWf8Xn15y7eDTH-W5Ouj-u=w2400,,,,,
,2019-08-13  5:22:47,2019-08-13  5:22:47,easy,south,紅柴坑漁港,水底景象可見大量的石珊瑚、大海扇及色彩繽紛的毛槍蟲。紅柴外海有一座定置漁網，常可見到大型的迴游性魚類出沒。最大深度約22米左右，適合體能佳的潛水員從事潛水活動。,屏東縣恆春鎮,0,120.71577,21.9714,https://lh3.googleusercontent.com/4aPcNac7GIvNlYq53QOfai2s1dmNiE1hGBvzJBmRqPKelDZ1UgItB5Z8bwFiQ6guF9Xm69zdcZ1ge6KirMsYrzD3RD4rWoQU1rEvsni7aoGNUOoqCRZWf8Xn15y7eDTH-W5Ouj-u=w2400,,,,,
,2019-08-13  5:22:47,2019-08-13  5:22:47,,south,石珠,水底礁石地形落差極大。最大深度在離岸80米左右達到30米以上。此潛點水流方向均向外海流動，流勢強勁，須十分小心。適合高層級潛水員從事潛水活動。,屏東縣恆春鎮,0,120.69598,22.00497,https://lh3.googleusercontent.com/4aPcNac7GIvNlYq53QOfai2s1dmNiE1hGBvzJBmRqPKelDZ1UgItB5Z8bwFiQ6guF9Xm69zdcZ1ge6KirMsYrzD3RD4rWoQU1rEvsni7aoGNUOoqCRZWf8Xn15y7eDTH-W5Ouj-u=w2400,,,,,
,2019-08-13  5:22:47,2019-08-13  5:22:47,,south,南灣遊憩區,沙質地形為主。水底能見度不甚良好。最大深度約18米左右，須注意此處水上機車出入頻繁，潛水員在上升時應小心。適合各級潛水員從事潛水活動。,屏東縣南灣遊憩區,0,120.7635,21.95946,https://lh3.googleusercontent.com/4aPcNac7GIvNlYq53QOfai2s1dmNiE1hGBvzJBmRqPKelDZ1UgItB5Z8bwFiQ6guF9Xm69zdcZ1ge6KirMsYrzD3RD4rWoQU1rEvsni7aoGNUOoqCRZWf8Xn15y7eDTH-W5Ouj-u=w2400,,,,,
,2019-08-13  5:22:47,2019-08-13  5:22:47,,south,後灣,沿岸地形平緩，上下岸安全方便，適合岸潛活動。越往深處行進礁岩落差越大，水深27米以後多為沙地，能見度約10米左右，適合各級潛水員從事潛水活動。,屏東縣車城鄉,0,120.69594,22.03983,https://lh3.googleusercontent.com/4aPcNac7GIvNlYq53QOfai2s1dmNiE1hGBvzJBmRqPKelDZ1UgItB5Z8bwFiQ6guF9Xm69zdcZ1ge6KirMsYrzD3RD4rWoQU1rEvsni7aoGNUOoqCRZWf8Xn15y7eDTH-W5Ouj-u=w2400,,,,,
,2019-08-13  5:22:47,2019-08-13  5:22:47,,south,後壁湖浮潛區,最大深度16米左右分布著大量的石珊瑚與各式各樣的軟珊瑚，也不時可以發現五爪硨蟝貝。要注意的是潛點左側接近出水口，要小心強勁的出水口水流。適合各級潛水員從事活動。,屏東縣恆春鎮,0,120.74555,21.94202,https://lh3.googleusercontent.com/4aPcNac7GIvNlYq53QOfai2s1dmNiE1hGBvzJBmRqPKelDZ1UgItB5Z8bwFiQ6guF9Xm69zdcZ1ge6KirMsYrzD3RD4rWoQU1rEvsni7aoGNUOoqCRZWf8Xn15y7eDTH-W5Ouj-u=w2400,,,,,
,2019-08-13  5:22:47,2019-08-13  5:22:47,,south,第三核能發電廠出水口,餵魚區是由一大群疣枝狀的雀屏珊瑚組成巨大的群礁體，形成魚類的庇護所，在墾丁海域並不常見。,屏東縣恆春鎮,0,120.74591,21.93262,https://lh3.googleusercontent.com/4aPcNac7GIvNlYq53QOfai2s1dmNiE1hGBvzJBmRqPKelDZ1UgItB5Z8bwFiQ6guF9Xm69zdcZ1ge6KirMsYrzD3RD4rWoQU1rEvsni7aoGNUOoqCRZWf8Xn15y7eDTH-W5Ouj-u=w2400,,,,,
,2019-08-13  5:22:47,2019-08-13  5:22:47,medium,south,山海漁港,山海港是一座天然的避風港，因為關山的天然屏障，即使東北季風吹起，也可以潛水，極適合初級潛水員從事潛水訓練。最大深度約22米左右，水中能見度有時可達到30米。,屏東縣恆春鎮,0,120.71167,21.98576,https://lh3.googleusercontent.com/4aPcNac7GIvNlYq53QOfai2s1dmNiE1hGBvzJBmRqPKelDZ1UgItB5Z8bwFiQ6guF9Xm69zdcZ1ge6KirMsYrzD3RD4rWoQU1rEvsni7aoGNUOoqCRZWf8Xn15y7eDTH-W5Ouj-u=w2400,,,,,
,2019-08-13  5:22:47,2019-08-13  5:22:47,hard,south,頂白砂,頂白沙的沿線海底地勢比合界變化更大，地形型態有如階梯一般，每階落層約有10米左右，面臨巴士海峽與台灣海峽相會點，海流強勁。適合高級潛水員從事潛水活動。,屏東縣恆春鎮,0,120.7126,21.94475,https://lh3.googleusercontent.com/4aPcNac7GIvNlYq53QOfai2s1dmNiE1hGBvzJBmRqPKelDZ1UgItB5Z8bwFiQ6guF9Xm69zdcZ1ge6KirMsYrzD3RD4rWoQU1rEvsni7aoGNUOoqCRZWf8Xn15y7eDTH-W5Ouj-u=w2400,,,,,
,2019-08-13  5:22:47,2019-08-13  5:22:47,easy,south,萬里桐,萬里桐雖然距離墾丁鬧區有一段距離，但此地的海域資源豐富，是相當熱門的潛點，許多潛水愛好者十分喜愛特地前來此處潛水，這裡也有幾間店家提供潛水服務，無論是浮潛或深潛都相當適合。,屏東縣恆春鎮,0,120.706823,21.995065,http://jdanews.com/blog/wp-content/uploads/2016/03/219b56ff-49c8-4efb-8892-3c658fb484a0.jpg,http://jdanews.com/blog/wp-content/uploads/2016/03/247180cb-15a5-418f-9402-1b5e4ef5ace1.jpg,,,,
,2019-08-13  5:22:47,2019-08-13  5:22:47,medium,south,南海洞,"平均深度為15~23米
位於15米深度的一整片各式軟珊瑚延伸至23米深處",屏東縣恆春鎮,0,120.738976,21.922049,https://lh3.googleusercontent.com/4aPcNac7GIvNlYq53QOfai2s1dmNiE1hGBvzJBmRqPKelDZ1UgItB5Z8bwFiQ6guF9Xm69zdcZ1ge6KirMsYrzD3RD4rWoQU1rEvsni7aoGNUOoqCRZWf8Xn15y7eDTH-W5Ouj-u=w2400,,,,,
,2019-08-13  5:22:47,2019-08-13  5:22:47,easy,south,雷打石（雷公石）,"最大深度為20米
水底遍佈珊瑚礁群",屏東縣恆春鎮,0,120.745134,21.932567,https://www.airbnb.com.tw/google_place_photo?maxheight=1000&maxwidth=1000&photoreference=CmRaAAAAfJtViHUctWzG3RQ_yUnDbZyK-33QyveRUSqloVZYmuuWf71mQIns3XHNW9XJz1I2_PWXrH9La-PqOKxHCgDZKySpLYGpJPKRCGR15evl5wGme82t3sLkiwJKdvRPGZdZEhCIXw32ALVnQlEpCG5SeyYCGhSpQ5oAi35wc0E0KKCGhfU_DNbZpg&place_id=2857673,http://diving.gtdm1314.com/wp-content/uploads/2019/05/DSCN8053-300x225.jpg,,,,
,2019-08-13  5:22:47,2019-08-13  5:22:47,easy,south,珊瑚花園,新手體驗潛水的練習場,屏東縣恆春鎮,0,120.747,21.9456,https://lh3.googleusercontent.com/4aPcNac7GIvNlYq53QOfai2s1dmNiE1hGBvzJBmRqPKelDZ1UgItB5Z8bwFiQ6guF9Xm69zdcZ1ge6KirMsYrzD3RD4rWoQU1rEvsni7aoGNUOoqCRZWf8Xn15y7eDTH-W5Ouj-u=w2400,,,,,
,2019-08-13  5:22:47,2019-08-13  5:22:47,medium,south,獨立礁,墾丁必造訪的潛點之一,屏東縣恆春鎮,0,120.799144,21.904862,https://lh3.googleusercontent.com/4aPcNac7GIvNlYq53QOfai2s1dmNiE1hGBvzJBmRqPKelDZ1UgItB5Z8bwFiQ6guF9Xm69zdcZ1ge6KirMsYrzD3RD4rWoQU1rEvsni7aoGNUOoqCRZWf8Xn15y7eDTH-W5Ouj-u=w2400,,,,,
,2019-08-13  5:22:47,2019-08-13  5:22:47,hard,south,貓鼻頭,以船潛為主，海底珊瑚種類多，深度約 35 Ｍ，此海域時有上升流及下降流，潛水時須多加留意。,屏東縣恆春鎮,0,120.738947,21.919582,https://lh3.googleusercontent.com/4aPcNac7GIvNlYq53QOfai2s1dmNiE1hGBvzJBmRqPKelDZ1UgItB5Z8bwFiQ6guF9Xm69zdcZ1ge6KirMsYrzD3RD4rWoQU1rEvsni7aoGNUOoqCRZWf8Xn15y7eDTH-W5Ouj-u=w2400,,,,,
,2019-08-13  5:22:47,2019-08-13  5:22:47,hard,south,中正艦,尚無資料,屏東縣車城鄉,0,120.666012,22.103677,https://lh3.googleusercontent.com/4aPcNac7GIvNlYq53QOfai2s1dmNiE1hGBvzJBmRqPKelDZ1UgItB5Z8bwFiQ6guF9Xm69zdcZ1ge6KirMsYrzD3RD4rWoQU1rEvsni7aoGNUOoqCRZWf8Xn15y7eDTH-W5Ouj-u=w2400,,,,,
,2019-08-13  5:22:47,2019-08-13  5:22:47,,south,下水堀,尚無資料,屏東縣車城鄉,0,120.68745,22.020304,https://lh3.googleusercontent.com/4aPcNac7GIvNlYq53QOfai2s1dmNiE1hGBvzJBmRqPKelDZ1UgItB5Z8bwFiQ6guF9Xm69zdcZ1ge6KirMsYrzD3RD4rWoQU1rEvsni7aoGNUOoqCRZWf8Xn15y7eDTH-W5Ouj-u=w2401,,,,,
,2019-08-13  5:22:47,2019-08-13  5:22:47,,south,艷光礁,尚無資料,屏東縣恆春鎮,0,120.707713,21.990531,https://lh3.googleusercontent.com/4aPcNac7GIvNlYq53QOfai2s1dmNiE1hGBvzJBmRqPKelDZ1UgItB5Z8bwFiQ6guF9Xm69zdcZ1ge6KirMsYrzD3RD4rWoQU1rEvsni7aoGNUOoqCRZWf8Xn15y7eDTH-W5Ouj-u=w2402,,,,,
,2019-08-13  5:22:47,2019-08-13  5:22:47,,south,水仙王公廟,尚無資料,屏東縣恆春鎮,0,120.71254,21.982554,https://lh3.googleusercontent.com/4aPcNac7GIvNlYq53QOfai2s1dmNiE1hGBvzJBmRqPKelDZ1UgItB5Z8bwFiQ6guF9Xm69zdcZ1ge6KirMsYrzD3RD4rWoQU1rEvsni7aoGNUOoqCRZWf8Xn15y7eDTH-W5Ouj-u=w2403,,,,,
,2019-08-13  5:22:47,2019-08-13  5:22:47,,south,合界沈船,尚無資料,屏東縣恆春鎮,0,120.711,21.9559,https://lh3.googleusercontent.com/4aPcNac7GIvNlYq53QOfai2s1dmNiE1hGBvzJBmRqPKelDZ1UgItB5Z8bwFiQ6guF9Xm69zdcZ1ge6KirMsYrzD3RD4rWoQU1rEvsni7aoGNUOoqCRZWf8Xn15y7eDTH-W5Ouj-u=w2404,,,,,
,2019-08-13  5:22:47,2019-08-13  5:22:47,,south,出水口,尚無資料,屏東縣恆春鎮,0,120.745,21.9312,https://lh3.googleusercontent.com/4aPcNac7GIvNlYq53QOfai2s1dmNiE1hGBvzJBmRqPKelDZ1UgItB5Z8bwFiQ6guF9Xm69zdcZ1ge6KirMsYrzD3RD4rWoQU1rEvsni7aoGNUOoqCRZWf8Xn15y7eDTH-W5Ouj-u=w2405,,,,,
,2019-08-13  5:22:47,2019-08-13  5:22:47,,south,出水口一線天,尚無資料,屏東縣恆春鎮,0,120.748,21.9316,https://lh3.googleusercontent.com/4aPcNac7GIvNlYq53QOfai2s1dmNiE1hGBvzJBmRqPKelDZ1UgItB5Z8bwFiQ6guF9Xm69zdcZ1ge6KirMsYrzD3RD4rWoQU1rEvsni7aoGNUOoqCRZWf8Xn15y7eDTH-W5Ouj-u=w2406,,,,,
,2019-08-13  5:22:47,2019-08-13  5:22:47,,south,雙峰藍洞,尚無資料,屏東縣恆春鎮,0,120.754993,21.93916,https://lh3.googleusercontent.com/4aPcNac7GIvNlYq53QOfai2s1dmNiE1hGBvzJBmRqPKelDZ1UgItB5Z8bwFiQ6guF9Xm69zdcZ1ge6KirMsYrzD3RD4rWoQU1rEvsni7aoGNUOoqCRZWf8Xn15y7eDTH-W5Ouj-u=w2407,,,,,
,2019-08-13  5:22:47,2019-08-13  5:22:47,,south,花園北側,尚無資料,屏東縣恆春鎮,0,120.758011,21.935914,https://lh3.googleusercontent.com/4aPcNac7GIvNlYq53QOfai2s1dmNiE1hGBvzJBmRqPKelDZ1UgItB5Z8bwFiQ6guF9Xm69zdcZ1ge6KirMsYrzD3RD4rWoQU1rEvsni7aoGNUOoqCRZWf8Xn15y7eDTH-W5Ouj-u=w2408,,,,,
,2019-08-13  5:22:47,2019-08-13  5:22:47,,south,大咕咾,尚無資料,屏東縣恆春鎮,0,120.748,21.9422,https://lh3.googleusercontent.com/4aPcNac7GIvNlYq53QOfai2s1dmNiE1hGBvzJBmRqPKelDZ1UgItB5Z8bwFiQ6guF9Xm69zdcZ1ge6KirMsYrzD3RD4rWoQU1rEvsni7aoGNUOoqCRZWf8Xn15y7eDTH-W5Ouj-u=w2409,,,,,
,2019-08-13  5:22:47,2019-08-13  5:22:47,,south,入水口,尚無資料,屏東縣恆春鎮,0,120.749621,21.946823,https://lh3.googleusercontent.com/4aPcNac7GIvNlYq53QOfai2s1dmNiE1hGBvzJBmRqPKelDZ1UgItB5Z8bwFiQ6guF9Xm69zdcZ1ge6KirMsYrzD3RD4rWoQU1rEvsni7aoGNUOoqCRZWf8Xn15y7eDTH-W5Ouj-u=w2410,,,,,
,2019-08-13  5:22:47,2019-08-13  5:22:47,,south,南灣三角町,尚無資料,屏東縣恆春鎮,0,120.763161,21.946577,https://lh3.googleusercontent.com/4aPcNac7GIvNlYq53QOfai2s1dmNiE1hGBvzJBmRqPKelDZ1UgItB5Z8bwFiQ6guF9Xm69zdcZ1ge6KirMsYrzD3RD4rWoQU1rEvsni7aoGNUOoqCRZWf8Xn15y7eDTH-W5Ouj-u=w2411,,,,,
,2019-08-13  5:22:47,2019-08-13  5:22:47,,south,雀屏珊瑚,尚無資料,屏東縣恆春鎮,0,120.762891,21.949606,https://lh3.googleusercontent.com/4aPcNac7GIvNlYq53QOfai2s1dmNiE1hGBvzJBmRqPKelDZ1UgItB5Z8bwFiQ6guF9Xm69zdcZ1ge6KirMsYrzD3RD4rWoQU1rEvsni7aoGNUOoqCRZWf8Xn15y7eDTH-W5Ouj-u=w2412,,,,,
,2019-08-13  5:22:47,2019-08-13  5:22:47,,south,跳石,尚無資料,屏東縣恆春鎮,0,120.76909,21.954001,https://lh3.googleusercontent.com/4aPcNac7GIvNlYq53QOfai2s1dmNiE1hGBvzJBmRqPKelDZ1UgItB5Z8bwFiQ6guF9Xm69zdcZ1ge6KirMsYrzD3RD4rWoQU1rEvsni7aoGNUOoqCRZWf8Xn15y7eDTH-W5Ouj-u=w2413,,,,,
,2019-08-13  5:22:47,2019-08-13  5:22:47,,south,潭仔,尚無資料,屏東縣恆春鎮,0,120.777686,21.94981,https://lh3.googleusercontent.com/4aPcNac7GIvNlYq53QOfai2s1dmNiE1hGBvzJBmRqPKelDZ1UgItB5Z8bwFiQ6guF9Xm69zdcZ1ge6KirMsYrzD3RD4rWoQU1rEvsni7aoGNUOoqCRZWf8Xn15y7eDTH-W5Ouj-u=w2414,,,,,
,2019-08-13  5:22:47,2019-08-13  5:22:47,,south,船帆石,尚無資料,屏東縣恆春鎮,0,120.823951,21.930814,https://lh3.googleusercontent.com/4aPcNac7GIvNlYq53QOfai2s1dmNiE1hGBvzJBmRqPKelDZ1UgItB5Z8bwFiQ6guF9Xm69zdcZ1ge6KirMsYrzD3RD4rWoQU1rEvsni7aoGNUOoqCRZWf8Xn15y7eDTH-W5Ouj-u=w2415,,,,,
,2019-08-13  5:22:47,2019-08-13  5:22:47,,south,香蕉灣,尚無資料,屏東縣恆春鎮,0,120.830517,21.923225,https://lh3.googleusercontent.com/4aPcNac7GIvNlYq53QOfai2s1dmNiE1hGBvzJBmRqPKelDZ1UgItB5Z8bwFiQ6guF9Xm69zdcZ1ge6KirMsYrzD3RD4rWoQU1rEvsni7aoGNUOoqCRZWf8Xn15y7eDTH-W5Ouj-u=w2416,,,,,
,2019-08-13  5:22:47,2019-08-13  5:22:47,,south,砂島,尚無資料,屏東縣恆春鎮,0,120.845707,21.912626,https://lh3.googleusercontent.com/4aPcNac7GIvNlYq53QOfai2s1dmNiE1hGBvzJBmRqPKelDZ1UgItB5Z8bwFiQ6guF9Xm69zdcZ1ge6KirMsYrzD3RD4rWoQU1rEvsni7aoGNUOoqCRZWf8Xn15y7eDTH-W5Ouj-u=w2417,,,,,
,2019-08-13  5:22:47,2019-08-13  5:22:47,,south,佳樂水,尚無資料,屏東縣恆春鎮,0,120.876974,22.004415,https://lh3.googleusercontent.com/4aPcNac7GIvNlYq53QOfai2s1dmNiE1hGBvzJBmRqPKelDZ1UgItB5Z8bwFiQ6guF9Xm69zdcZ1ge6KirMsYrzD3RD4rWoQU1rEvsni7aoGNUOoqCRZWf8Xn15y7eDTH-W5Ouj-u=w2418,,,,,
,2019-08-13  5:22:47,2019-08-13  5:22:47,hard,east,七星潭,七星潭為瀕臨太平洋的弧形海灣，由大小的礫石所鋪陳。地質上屬陡降型沙灘，為全台十大危險海域之一。因黑潮流過台灣東部，帶來各種魚類資源，近海魚群在此匯集成天然漁場。,花蓮縣新城鄉,0,121.62281,24.04225,https://live.staticflickr.com/6192/6085923980_329ccd6187_z_d.jpg,https://live.staticflickr.com/65535/48314315856_e06f62d7ae_z_d.jpg,https://live.staticflickr.com/5568/15295445131_e5154304c5_z_d.jpg,https://live.staticflickr.com/4869/30904373337_e38c9a2c98_z_d.jpg,https://live.staticflickr.com/7207/6938513101_162fd5a1a6_z_d.jpg,
,2019-08-13  5:22:47,2019-08-13  5:22:47,easy,east,石梯坪,石梯坪有經風力和海水雕刻而成的特殊岩岸風景，以及潮間帶上豐富的自然生態資源。夜晚能夠在海蝕平台上方的石梯坪露營區搭營，隔天就能在營帳前迎接美麗的晨曦。,花蓮縣豐濱鄉,0,121.51379,23.48868,https://live.staticflickr.com/8614/16573603109_4068931afc_z_d.jpg,https://live.staticflickr.com/4398/37046292716_4a87050213_z_d.jpg,https://live.staticflickr.com/7653/16733855786_f9fb2ee087_z_d.jpg,https://live.staticflickr.com/45/148607012_86cc67aef9_z_d.jpg,https://live.staticflickr.com/2892/9127584072_2fa3406c9e_z_d.jpg,
,2019-08-13  5:22:47,2019-08-13  5:22:47,easy,east,石梯漁港外,石梯漁港是位於石梯坪旁的純樸小漁港，周邊是全台灣鯨豚資源最豐富的海域，台灣開始賞鯨業的第一個港口。,花蓮縣豐濱鄉,0,121.50613,23.49419,https://live.staticflickr.com/82/227907450_eb406e8b8e_z_d.jpg,https://live.staticflickr.com/86/227907686_457ec18460_z_d.jpg,https://live.staticflickr.com/4428/37236491715_d5326622fa_z_d.jpg,https://live.staticflickr.com/97/227907812_7652fb364d_z_d.jpg,,
,2019-08-13  5:22:47,2019-08-13  5:22:47,easy,east,基翬港,基翬漁港是一座位於臺灣臺東縣成功鎮的漁港，周遭附近又因地形特殊，平時是可探訪珊瑚礁群和熱帶魚群的潛水地點。,台東縣成功鎮,0,121.39671,23.11742,https://lh3.googleusercontent.com/4aPcNac7GIvNlYq53QOfai2s1dmNiE1hGBvzJBmRqPKelDZ1UgItB5Z8bwFiQ6guF9Xm69zdcZ1ge6KirMsYrzD3RD4rWoQU1rEvsni7aoGNUOoqCRZWf8Xn15y7eDTH-W5Ouj-u=w2400,,,,,
,2019-08-13  5:22:47,2019-08-13  5:22:47,easy,east,三仙台,三仙台潛點的海底地形呈卵石型態，少數軟珊瑚散佈其間，魚類族群豐富。,台東縣成功鎮,0,121.42168,23.12613,https://live.staticflickr.com/4387/37052984931_75d0d24bee_z_d.jpg,https://live.staticflickr.com/7276/27385550642_79fe05dee6_z_d.jpg,https://live.staticflickr.com/7890/32643986307_817fb09504_z_d.jpg,https://live.staticflickr.com/3130/2785681713_d4f24463c3_z_d.jpg,https://live.staticflickr.com/5152/29282539004_71cdb6bc85_z_d.jpg,
,2019-08-13  5:22:47,2019-08-13  5:22:47,easy,east,石雨傘,石雨傘潛點海中生物相當豐富，魚類族群可觀；此潛點可常見原住民朋友從事浮潛漁獵活動。,台東縣成功鎮,0,121.40201,23.17676,https://live.staticflickr.com/3858/14352149858_d459c9388d_z_d.jpg,https://live.staticflickr.com/7057/6930977021_bc2f8c82b6_z_d.jpg,https://live.staticflickr.com/5502/14535340321_bd3f83d032_z_d.jpg,https://live.staticflickr.com/5513/14537220884_46506ced1c_z_d.jpg,https://live.staticflickr.com/5582/14352264447_1d17660624_z_d.jpg,
,2019-08-13  5:22:47,2019-08-13  5:22:47,easy,east,富岡,富岡漁港是一座小型規模的漁港，南方接壤卑南溪出海口，北方與花東海岸山脈相鄰，漁港的位置與地形的多樣性，使得富岡漁港自然具有交通與觀光方面的資源。,台東縣台東市,0,121.1928,22.79106,https://live.staticflickr.com/1447/25284640142_11caedd67e_z_d.jpg,https://live.staticflickr.com/73/182478465_1cbb54cd7a_z_d.jpg,https://live.staticflickr.com/1572/24772350504_0551bb65a3_z_d.jpg,,,
,2019-08-13  5:22:47,2019-08-13  5:22:47,easy,east,小野柳,小野柳坐落於富岡漁港北方，因地形景觀貌似台灣北部野柳因而取名小野柳。海底有完整的石珊瑚群。此潛點適合各級浮潛員、潛水員從事活動。,台東縣台東市,0,121.19822,22.79473,https://live.staticflickr.com/8183/29910082605_554f97333d_z_d.jpg,https://live.staticflickr.com/8259/29874799106_848ed569d5_z_d.jpg,https://live.staticflickr.com/1640/25574278312_3723952cc2_z_d.jpg,https://live.staticflickr.com/1514/25600312011_627c41d8ba_z_d.jpg,https://live.staticflickr.com/3795/9995586045_a9cb76317e_z_d.jpg,
,2019-08-13  5:22:47,2019-08-13  5:22:47,easy,east,杉原,適合各級浮潛、潛水活動進行。海底地形起伏不大。海域中珊瑚礁多達百種，生物相亦豐富多樣，潮間帶物種也不少，很值得探索。,台東縣卑南鄉,0,121.18721,22.83836,https://live.staticflickr.com/7292/9054982574_cdc9e37cf6_z_d.jpg,https://live.staticflickr.com/2812/9235413122_4639d5304c_z_d.jpg,https://live.staticflickr.com/7408/9590423896_981ae1c3a1_z_d.jpg,https://live.staticflickr.com/2891/9054985470_7ff94c0e96_z_d.jpg,https://live.staticflickr.com/2888/9052755659_799741cdf2_z_d.jpg,
,2019-08-13  5:22:47,2019-08-13  5:22:47,easy,outer,中寮漁港,中寮港位在綠島燈塔東側。港內水深約3米，目前已無船隻停泊，是一個閒置的小港。由於港內平靜，下水容易，遂成為遊客與綠島人的游泳池，也是許多潛水學員潛水初體驗之處。,台東縣綠島鄉,0,121.472654,22.676205,https://lh3.googleusercontent.com/4aPcNac7GIvNlYq53QOfai2s1dmNiE1hGBvzJBmRqPKelDZ1UgItB5Z8bwFiQ6guF9Xm69zdcZ1ge6KirMsYrzD3RD4rWoQU1rEvsni7aoGNUOoqCRZWf8Xn15y7eDTH-W5Ouj-u=w2400,,,,,
,2019-08-13  5:22:47,2019-08-13  5:22:47,easy,outer,公館漁港,公館漁港位於台東縣綠島鄉公館村，即綠島北面。,台東縣綠島鄉,0,121.49292,22.67565,https://lh3.googleusercontent.com/4aPcNac7GIvNlYq53QOfai2s1dmNiE1hGBvzJBmRqPKelDZ1UgItB5Z8bwFiQ6guF9Xm69zdcZ1ge6KirMsYrzD3RD4rWoQU1rEvsni7aoGNUOoqCRZWf8Xn15y7eDTH-W5Ouj-u=w2400,,,,,
,2019-08-13  5:22:47,2019-08-13  5:22:47,easy,outer,溫泉漁港 ,尚無資料,台東縣綠島鄉,0,121.49942,22.6458,https://lh3.googleusercontent.com/4aPcNac7GIvNlYq53QOfai2s1dmNiE1hGBvzJBmRqPKelDZ1UgItB5Z8bwFiQ6guF9Xm69zdcZ1ge6KirMsYrzD3RD4rWoQU1rEvsni7aoGNUOoqCRZWf8Xn15y7eDTH-W5Ouj-u=w2400,,,,,
,2019-08-13  5:22:47,2019-08-13  5:22:47,easy,outer,石朗潛水區,石朗保護區是目前全台灣做得最好的示範保護區，眾多學者與潛水人努力保護下的優質潛點，每到漲潮各式魚種都會聚集在水深1公尺左右覓食(啄石頭上的海藻)，蔚為奇觀。,台東縣綠島鄉,0,121.47454,22.65577,https://lh3.googleusercontent.com/4aPcNac7GIvNlYq53QOfai2s1dmNiE1hGBvzJBmRqPKelDZ1UgItB5Z8bwFiQ6guF9Xm69zdcZ1ge6KirMsYrzD3RD4rWoQU1rEvsni7aoGNUOoqCRZWf8Xn15y7eDTH-W5Ouj-u=w2400,,,,,
,2019-08-13  5:22:47,2019-08-13  5:22:47,easy,outer,大香菇,俗稱大香菇的這株團塊微孔珊瑚，屹立在綠島已1000年。雖於105年夏季因莫蘭蒂颱風巨浪被推倒，但目前發現珊瑚礁上的珊瑚持續生長，週邊的珊瑚礁群和魚群也慢慢恢復。,台東縣綠島鄉,0,121.47205,22.65687,https://lh3.googleusercontent.com/4aPcNac7GIvNlYq53QOfai2s1dmNiE1hGBvzJBmRqPKelDZ1UgItB5Z8bwFiQ6guF9Xm69zdcZ1ge6KirMsYrzD3RD4rWoQU1rEvsni7aoGNUOoqCRZWf8Xn15y7eDTH-W5Ouj-u=w2400,,,,,
,2019-08-13  5:22:47,2019-08-13  5:22:47,medium,outer,六米礁,六米礁是一塊從海底隆起的小山丘，距離岸邊的直線距離約170公尺，它的頂部平台距離水面只有6公尺，平台上滿滿都是金花鱸與各種隆頭魚。,台東縣綠島鄉,0,121.47125,22.65295,https://lh3.googleusercontent.com/4aPcNac7GIvNlYq53QOfai2s1dmNiE1hGBvzJBmRqPKelDZ1UgItB5Z8bwFiQ6guF9Xm69zdcZ1ge6KirMsYrzD3RD4rWoQU1rEvsni7aoGNUOoqCRZWf8Xn15y7eDTH-W5Ouj-u=w2400,,,,,
,2019-08-13  5:22:47,2019-08-13  5:22:47,easy,outer,電桿礁,民國93年農委會漁業署在石朗保護區左側界標的外圍投放了150座廢棄電線桿當作人工魚礁，海參類的乳參與白尼參以及兩種梅花參是這裡著名的指標性生物。,台東縣綠島鄉,0,121.47079,22.65154,https://lh3.googleusercontent.com/4aPcNac7GIvNlYq53QOfai2s1dmNiE1hGBvzJBmRqPKelDZ1UgItB5Z8bwFiQ6guF9Xm69zdcZ1ge6KirMsYrzD3RD4rWoQU1rEvsni7aoGNUOoqCRZWf8Xn15y7eDTH-W5Ouj-u=w2400,,,,,
,2019-08-13  5:22:47,2019-08-13  5:22:47,hard,outer,雞仔礁,雞仔礁是由一個超大型的珊瑚礁盤所構成，礁盤的底部座落於31公尺的深度，因為地形變化太大海流相當強勁，許多大型洄游性魚類都在此聚集覓食。,台東縣綠島鄉,0,121.47948,22.63889,https://lh3.googleusercontent.com/4aPcNac7GIvNlYq53QOfai2s1dmNiE1hGBvzJBmRqPKelDZ1UgItB5Z8bwFiQ6guF9Xm69zdcZ1ge6KirMsYrzD3RD4rWoQU1rEvsni7aoGNUOoqCRZWf8Xn15y7eDTH-W5Ouj-u=w2401,,,,,
,2019-08-13  5:22:47,2019-08-13  5:22:47,medium,outer,鋼鐵礁,鋼鐵礁自從繫上導引繩之後，已從危險潛點變為中級潛點，這裡海流為西北流向東南，建議要做好潛水計畫才可在此潛水。生物樣貌有尖翅燕魚、金帶擬鬚鯛、蓋刺魚等珊瑚礁魚類。,台東縣綠島鄉,0,121.4873,22.63917,https://lh3.googleusercontent.com/4aPcNac7GIvNlYq53QOfai2s1dmNiE1hGBvzJBmRqPKelDZ1UgItB5Z8bwFiQ6guF9Xm69zdcZ1ge6KirMsYrzD3RD4rWoQU1rEvsni7aoGNUOoqCRZWf8Xn15y7eDTH-W5Ouj-u=w2402,,,,,
,2019-08-13  5:22:47,2019-08-13  5:22:47,medium,outer,馬蹄橋,尚無資料,台東縣綠島鄉,0,121.48996,22.64102,https://lh3.googleusercontent.com/4aPcNac7GIvNlYq53QOfai2s1dmNiE1hGBvzJBmRqPKelDZ1UgItB5Z8bwFiQ6guF9Xm69zdcZ1ge6KirMsYrzD3RD4rWoQU1rEvsni7aoGNUOoqCRZWf8Xn15y7eDTH-W5Ouj-u=w2403,,,,,
,2019-08-13  5:22:47,2019-08-13  5:22:47,easy,outer,柴口,尚無資料,台東縣綠島鄉,0,121.48268,22.67738,https://live.staticflickr.com/1931/44424136395_d47d88acc2_z_d.jpg,,,,,
,2019-08-13  5:22:47,2019-08-13  5:22:47,hard,outer,大峽谷,潛點位於公館港外海約1.2公里處，礁體座落46米的深度，礁體距離水面3公尺，海流為由南向北流動，刺尾鯛科鼻魚屬的魚種如六棘鼻魚與老氏鼻魚及烏尾科最為常見。,台東縣綠島鄉,0,121.49335,22.69115,https://lh3.googleusercontent.com/4aPcNac7GIvNlYq53QOfai2s1dmNiE1hGBvzJBmRqPKelDZ1UgItB5Z8bwFiQ6guF9Xm69zdcZ1ge6KirMsYrzD3RD4rWoQU1rEvsni7aoGNUOoqCRZWf8Xn15y7eDTH-W5Ouj-u=w2400,,,,,
,2019-08-13  5:22:47,2019-08-13  5:22:47,medium,outer,鳥卵岩藍洞,鳥卵岩東側為大型海溝，形成兩側垂直峭壁，最深處有大型水底拱橋，後方為天然水底洞穴， 該洞穴水深25公尺，常有海龜在此休息，隆頭魚科與鯙科的生物也可在此洞穴發現。,台東縣綠島鄉,0,121.50776,22.65792,https://lh3.googleusercontent.com/4aPcNac7GIvNlYq53QOfai2s1dmNiE1hGBvzJBmRqPKelDZ1UgItB5Z8bwFiQ6guF9Xm69zdcZ1ge6KirMsYrzD3RD4rWoQU1rEvsni7aoGNUOoqCRZWf8Xn15y7eDTH-W5Ouj-u=w2401,,,,,
,2019-08-13  5:22:47,2019-08-13  5:22:47,hard,outer,樓門岩,位於綠島技訓所外海800公尺，最大深度62米，最淺處距離水面3米，礁體有一裂縫僅可讓一人勉強通過，海流為由南向北流動，生物特色以珊瑚礁魚類與無脊椎動物最為繁多。,台東縣綠島鄉,0,121.51191,22.68257,https://lh3.googleusercontent.com/4aPcNac7GIvNlYq53QOfai2s1dmNiE1hGBvzJBmRqPKelDZ1UgItB5Z8bwFiQ6guF9Xm69zdcZ1ge6KirMsYrzD3RD4rWoQU1rEvsni7aoGNUOoqCRZWf8Xn15y7eDTH-W5Ouj-u=w2402,,,,,
,2019-08-13  5:22:47,2019-08-13  5:22:47,hard,outer,龜灣鼻,龜灣是一處由兩個沿岸流交會的潛點，水深約15到30米之間，此處最大的特色在大面積的白蘆莖珊瑚群聚，各式珊瑚完整且數量眾多。,台東縣綠島鄉,0,121.47215,22.63849,https://lh3.googleusercontent.com/4aPcNac7GIvNlYq53QOfai2s1dmNiE1hGBvzJBmRqPKelDZ1UgItB5Z8bwFiQ6guF9Xm69zdcZ1ge6KirMsYrzD3RD4rWoQU1rEvsni7aoGNUOoqCRZWf8Xn15y7eDTH-W5Ouj-u=w2403,,,,,
,2019-08-13  5:22:47,2019-08-13  5:22:47,easy,outer,將軍岩,尚無資料,台東縣綠島鄉,0,121.49637,22.67767,https://live.staticflickr.com/1521/25436735146_39988a9783_z_d.jpg,,,,,
,2019-08-13  5:22:47,2019-08-13  5:22:47,easy,outer,杉福漁港,尚無資料,屏東縣琉球鄉,0,120.36291,22.3408,https://lh3.googleusercontent.com/4aPcNac7GIvNlYq53QOfai2s1dmNiE1hGBvzJBmRqPKelDZ1UgItB5Z8bwFiQ6guF9Xm69zdcZ1ge6KirMsYrzD3RD4rWoQU1rEvsni7aoGNUOoqCRZWf8Xn15y7eDTH-W5Ouj-u=w2400,,,,,
,2019-08-13  5:22:47,2019-08-13  5:22:47,easy,outer,大福西舊漁港,位於小琉球東邊，目前為公營碼頭，專為運送建材及日用貨品。漁港的右側往厚石群礁方向。,屏東縣琉球鄉,0,120.37116,22.33178,https://lh3.googleusercontent.com/4aPcNac7GIvNlYq53QOfai2s1dmNiE1hGBvzJBmRqPKelDZ1UgItB5Z8bwFiQ6guF9Xm69zdcZ1ge6KirMsYrzD3RD4rWoQU1rEvsni7aoGNUOoqCRZWf8Xn15y7eDTH-W5Ouj-u=w2401,,,,,
,2019-08-13  5:22:47,2019-08-13  5:22:47,medium,outer,厚石群礁,主要分布於琉球嶼東南沿海一帶，大約是大寮港與海子口之間，全區海蝕平台呈現凹凸不平的狀態，與其他景點的景觀截然不同。,屏東縣琉球鄉,0,120.36603,22.32568,https://lh3.googleusercontent.com/4aPcNac7GIvNlYq53QOfai2s1dmNiE1hGBvzJBmRqPKelDZ1UgItB5Z8bwFiQ6guF9Xm69zdcZ1ge6KirMsYrzD3RD4rWoQU1rEvsni7aoGNUOoqCRZWf8Xn15y7eDTH-W5Ouj-u=w2402,,,,,
,2019-08-13  5:22:47,2019-08-13  5:22:47,medium,outer,龍蝦洞,在龍蝦洞一帶珊瑚礁海岸，分佈著許多壺穴小地形與海蝕溝。,屏東縣琉球鄉,0,120.38831,22.34486,https://lh3.googleusercontent.com/4aPcNac7GIvNlYq53QOfai2s1dmNiE1hGBvzJBmRqPKelDZ1UgItB5Z8bwFiQ6guF9Xm69zdcZ1ge6KirMsYrzD3RD4rWoQU1rEvsni7aoGNUOoqCRZWf8Xn15y7eDTH-W5Ouj-u=w2403,,,,,
,2019-08-13  5:22:47,2019-08-13  5:22:47,easy,outer,花瓶石,原本的海岸珊瑚礁被地殼隆起後抬升，頸部因長期受到海水的侵蝕作用，形成類似花瓶的特殊造型。,屏東縣琉球鄉,0,120.38075,22.35564,https://live.staticflickr.com/5570/31435167895_43dae6f8e3_z_d.jpg,,,,,
,2019-08-13  5:22:47,2019-08-13  5:22:47,medium,outer,美人洞,堪稱海龜數量最多的潛點，下水時要注意溝槽地形，時而有浪。有時水質清澈，能見度可達20米以上。,屏東縣琉球鄉,0,120.37321,22.35353,https://live.staticflickr.com/5588/31290287062_39b0c45f22_z_d.jpg,,,,,
,2019-08-13  5:22:47,2019-08-13  5:22:47,,outer,風櫃洞,尚無資料,澎湖縣馬公市,0,119.54373,23.53789,https://live.staticflickr.com/339/19270802498_df8cf66965_z_d.jpg,,,,,
,2019-08-13  5:22:47,2019-08-13  5:22:47,,outer,險礁嶼,險礁嶼位在吉貝嶼南方，因附近海域有許多暗礁而得名，北側及東北側主要由岩石及珊瑚淺坪組成，東南、西南及南側海域由貝殼和珊瑚碎屑形成金黃色的沙灘，由南遠眺猶如浮在碧海的白色小島。,澎湖縣白沙鄉,0,119.60861,23.71194,https://lh3.googleusercontent.com/4aPcNac7GIvNlYq53QOfai2s1dmNiE1hGBvzJBmRqPKelDZ1UgItB5Z8bwFiQ6guF9Xm69zdcZ1ge6KirMsYrzD3RD4rWoQU1rEvsni7aoGNUOoqCRZWf8Xn15y7eDTH-W5Ouj-u=w2400,,,,,
,2019-08-13  5:22:47,2019-08-13  5:22:47,easy,outer,瀨仔尾,尚無資料,澎湖縣望安鄉,0,119.5145,23.264117,https://lh3.googleusercontent.com/4aPcNac7GIvNlYq53QOfai2s1dmNiE1hGBvzJBmRqPKelDZ1UgItB5Z8bwFiQ6guF9Xm69zdcZ1ge6KirMsYrzD3RD4rWoQU1rEvsni7aoGNUOoqCRZWf8Xn15y7eDTH-W5Ouj-u=w2401,,,,,
,2019-08-13  5:22:47,2019-08-13  5:22:47,easy,outer,東宮前,東宮前一帶的薰衣草森林水深僅有3~5米，用浮潛方式便可以欣賞到壯麗的紫色珊瑚群，是很適合廣角拍攝的潛點。,澎湖縣望安鄉,0,119.40497,23.15034,https://lh3.googleusercontent.com/4aPcNac7GIvNlYq53QOfai2s1dmNiE1hGBvzJBmRqPKelDZ1UgItB5Z8bwFiQ6guF9Xm69zdcZ1ge6KirMsYrzD3RD4rWoQU1rEvsni7aoGNUOoqCRZWf8Xn15y7eDTH-W5Ouj-u=w2400,,,,,
,2019-08-13  5:22:47,2019-08-13  5:22:47,hard,outer,五米礁,尚無資料,澎湖縣望安鄉,0,119.31859,23.56851,https://lh3.googleusercontent.com/4aPcNac7GIvNlYq53QOfai2s1dmNiE1hGBvzJBmRqPKelDZ1UgItB5Z8bwFiQ6guF9Xm69zdcZ1ge6KirMsYrzD3RD4rWoQU1rEvsni7aoGNUOoqCRZWf8Xn15y7eDTH-W5Ouj-u=w2402,,,,,
,2019-08-13  5:22:47,2019-08-13  5:22:47,easy,outer,塔仔北,尚無資料,澎湖縣望安鄉,0,119.30644,23.15469,https://lh3.googleusercontent.com/4aPcNac7GIvNlYq53QOfai2s1dmNiE1hGBvzJBmRqPKelDZ1UgItB5Z8bwFiQ6guF9Xm69zdcZ1ge6KirMsYrzD3RD4rWoQU1rEvsni7aoGNUOoqCRZWf8Xn15y7eDTH-W5Ouj-u=w2403,,,,,
,2019-08-13  5:22:47,2019-08-13  5:22:47,medium,outer,二塭南,尚無資料,澎湖縣望安鄉,0,119.30213,23.15434,https://lh3.googleusercontent.com/4aPcNac7GIvNlYq53QOfai2s1dmNiE1hGBvzJBmRqPKelDZ1UgItB5Z8bwFiQ6guF9Xm69zdcZ1ge6KirMsYrzD3RD4rWoQU1rEvsni7aoGNUOoqCRZWf8Xn15y7eDTH-W5Ouj-u=w2404,,,,,
,2019-08-13  5:22:47,2019-08-13  5:22:47,medium,outer,鍾仔西,尚無資料,澎湖縣望安鄉,0,119.31179,23.14081,https://lh3.googleusercontent.com/4aPcNac7GIvNlYq53QOfai2s1dmNiE1hGBvzJBmRqPKelDZ1UgItB5Z8bwFiQ6guF9Xm69zdcZ1ge6KirMsYrzD3RD4rWoQU1rEvsni7aoGNUOoqCRZWf8Xn15y7eDTH-W5Ouj-u=w2405,,,,,
,2019-08-13  5:22:47,2019-08-13  5:22:47,hard,outer,巨石礁,尚無資料,澎湖縣望安鄉,0,119.3185,23.15659,https://lh3.googleusercontent.com/4aPcNac7GIvNlYq53QOfai2s1dmNiE1hGBvzJBmRqPKelDZ1UgItB5Z8bwFiQ6guF9Xm69zdcZ1ge6KirMsYrzD3RD4rWoQU1rEvsni7aoGNUOoqCRZWf8Xn15y7eDTH-W5Ouj-u=w2406,,,,,
,2019-08-13  5:22:47,2019-08-13  5:22:47,easy,outer,生態長廊,尚無資料,澎湖縣望安鄉,0,119.30704,23.16012,https://lh3.googleusercontent.com/4aPcNac7GIvNlYq53QOfai2s1dmNiE1hGBvzJBmRqPKelDZ1UgItB5Z8bwFiQ6guF9Xm69zdcZ1ge6KirMsYrzD3RD4rWoQU1rEvsni7aoGNUOoqCRZWf8Xn15y7eDTH-W5Ouj-u=w2407,,,,,
,2019-08-13  5:22:47,2019-08-13  5:22:47,easy,outer,擎天岩,尚無資料,澎湖縣望安鄉,0,119.30641,23.1636,https://lh3.googleusercontent.com/4aPcNac7GIvNlYq53QOfai2s1dmNiE1hGBvzJBmRqPKelDZ1UgItB5Z8bwFiQ6guF9Xm69zdcZ1ge6KirMsYrzD3RD4rWoQU1rEvsni7aoGNUOoqCRZWf8Xn15y7eDTH-W5Ouj-u=w2408,,,,,
,2019-08-13  5:22:47,2019-08-13  5:22:47,easy,outer,西嶼坪北,尚無資料,澎湖縣望安鄉,0,119.30369,23.16468,https://lh3.googleusercontent.com/4aPcNac7GIvNlYq53QOfai2s1dmNiE1hGBvzJBmRqPKelDZ1UgItB5Z8bwFiQ6guF9Xm69zdcZ1ge6KirMsYrzD3RD4rWoQU1rEvsni7aoGNUOoqCRZWf8Xn15y7eDTH-W5Ouj-u=w2409,,,,,
,2019-08-13  5:22:47,2019-08-13  5:22:47,easy,outer,沙道迷宮,尚無資料,澎湖縣望安鄉,0,119.30154,23.17254,https://lh3.googleusercontent.com/4aPcNac7GIvNlYq53QOfai2s1dmNiE1hGBvzJBmRqPKelDZ1UgItB5Z8bwFiQ6guF9Xm69zdcZ1ge6KirMsYrzD3RD4rWoQU1rEvsni7aoGNUOoqCRZWf8Xn15y7eDTH-W5Ouj-u=w2410,,,,,
,2019-08-13  5:22:47,2019-08-13  5:22:47,easy,outer,花環公園,尚無資料,澎湖縣望安鄉,0,119.37171,23.15364,https://live.staticflickr.com/65535/47879172291_4628da16b2_z_d.jpg,,,,,
,2019-08-13  5:22:47,2019-08-13  5:22:47,medium,outer,西吉城堡,尚無資料,澎湖縣望安鄉,0,119.37171,23.14669,https://lh3.googleusercontent.com/4aPcNac7GIvNlYq53QOfai2s1dmNiE1hGBvzJBmRqPKelDZ1UgItB5Z8bwFiQ6guF9Xm69zdcZ1ge6KirMsYrzD3RD4rWoQU1rEvsni7aoGNUOoqCRZWf8Xn15y7eDTH-W5Ouj-u=w2400,,,,,
,2019-08-13  5:22:47,2019-08-13  5:22:47,medium,outer,西吉斷層,尚無資料,澎湖縣望安鄉,0,119.37059,23.14596,https://lh3.googleusercontent.com/4aPcNac7GIvNlYq53QOfai2s1dmNiE1hGBvzJBmRqPKelDZ1UgItB5Z8bwFiQ6guF9Xm69zdcZ1ge6KirMsYrzD3RD4rWoQU1rEvsni7aoGNUOoqCRZWf8Xn15y7eDTH-W5Ouj-u=w2401,,,,,
,2019-08-13  5:22:47,2019-08-13  5:22:47,easy,outer,大坪前,尚無資料,澎湖縣望安鄉,0,119.40672,23.15947,https://lh3.googleusercontent.com/4aPcNac7GIvNlYq53QOfai2s1dmNiE1hGBvzJBmRqPKelDZ1UgItB5Z8bwFiQ6guF9Xm69zdcZ1ge6KirMsYrzD3RD4rWoQU1rEvsni7aoGNUOoqCRZWf8Xn15y7eDTH-W5Ouj-u=w2402,,,,,
,2019-08-13  5:22:47,2019-08-13  5:22:47,hard,outer,東西吉廊道,尚無資料,澎湖縣望安鄉,0,119.38369,23.15364,https://live.staticflickr.com/1758/27704039717_a0c24ca9b3_z_d.jpg,https://live.staticflickr.com/1723/28699958808_db799d3f8f_z_d.jpg,https://live.staticflickr.com/4739/38018205825_c09d297143_z_d.jpg,,,
,2019-08-13  5:22:47,2019-08-13  5:22:47,medium,outer,雙獅岩,位於蘭嶼東北端點的雙獅岩，因為形狀像一對獅子而名。雙獅岩流強，流向亂，所以當地人很少到此處下水打魚。,台東縣蘭嶼鄉,0,121.57022,22.08584,https://live.staticflickr.com/2907/14555008188_22f2a64e08_z_d.jpg,,,,,
,2019-08-13  5:22:47,2019-08-13  5:22:47,easy,outer,玉女岩外礁,位在蘭嶼北面的玉女岩旁，有一處容易上下岸的海岸，是水肺體驗潛水的熱門潛點，在Do Van Wa（一個小酒吧）附近，或者你會看到載氣瓶的發財車停在路旁。玉女岩外礁就是外面露出海面上的那塊礁岩，礁底有一個貫通礁岩的海底洞穴，深16米，長約15米。入口陰暗，但洞內寬敞，是個頗具挑戰性的洞穴。,台東縣蘭嶼鄉,0,121.519237,22.082658,https://lh3.googleusercontent.com/4aPcNac7GIvNlYq53QOfai2s1dmNiE1hGBvzJBmRqPKelDZ1UgItB5Z8bwFiQ6guF9Xm69zdcZ1ge6KirMsYrzD3RD4rWoQU1rEvsni7aoGNUOoqCRZWf8Xn15y7eDTH-W5Ouj-u=w2400,,,,,
,2019-08-13  5:22:47,2019-08-13  5:22:47,easy,outer,椰油斷層,從椰油舊部落灘頭下水，一路往外踢。當深度來到22米左右時，原來的緩坡地形會突然變成陡降坡，這裡就是椰油斷層的起點。據聞斷層最深到百米，不過當你來到斷層起點時，也代表已經離岸超過百米，小心海流。,台東縣蘭嶼鄉,0,121.50825,22.050364,https://live.staticflickr.com/290/18348185404_779b5b903a_z_d.jpg,,,,,
,2019-08-13  5:22:47,2019-08-13  5:22:47,hard,outer,八代灣沈船,沈船在40米深沙地上，必須要下潛到22米處才能摸到船艙上緣（最高點的船桅約20米）。加上海流一向是這個潛點的特色，因此對於自由潛水員來說，是個難度極高的潛點。,台東縣蘭嶼鄉,0,121.546589,22.02597,https://lh3.googleusercontent.com/4aPcNac7GIvNlYq53QOfai2s1dmNiE1hGBvzJBmRqPKelDZ1UgItB5Z8bwFiQ6guF9Xm69zdcZ1ge6KirMsYrzD3RD4rWoQU1rEvsni7aoGNUOoqCRZWf8Xn15y7eDTH-W5Ouj-u=w2400,,,,,
,2019-08-13  5:22:47,2019-08-13  5:22:47,hard,outer,四條溝,尚無資料,台東縣蘭嶼鄉,0,121.568332,22.008513,https://lh3.googleusercontent.com/4aPcNac7GIvNlYq53QOfai2s1dmNiE1hGBvzJBmRqPKelDZ1UgItB5Z8bwFiQ6guF9Xm69zdcZ1ge6KirMsYrzD3RD4rWoQU1rEvsni7aoGNUOoqCRZWf8Xn15y7eDTH-W5Ouj-u=w2401,,,,,
,2019-08-13  5:22:47,2019-08-13  5:22:47,hard,outer,機場外礁,在機場外的海域，有一座突出海面的三角形礁岩，這裡就是機場外礁。外礁長得像一根竹筍，生態豐富，常有迴游性魚經過，是當地重要的漁場。底部深20多米，常有流且流向亂，礁岩四周的海流方向都不一樣，但是是一處非常有趣，值得造訪的潛點。,台東縣蘭嶼鄉,0,121.535894,22.020961,https://lh3.googleusercontent.com/4aPcNac7GIvNlYq53QOfai2s1dmNiE1hGBvzJBmRqPKelDZ1UgItB5Z8bwFiQ6guF9Xm69zdcZ1ge6KirMsYrzD3RD4rWoQU1rEvsni7aoGNUOoqCRZWf8Xn15y7eDTH-W5Ouj-u=w2402,,,,,
,2019-08-13  5:22:47,2019-08-13  5:22:47,medium,outer,母雞岩外礁,從母雞岩浮潛區下水，往10-11點鐘大約200多公尺可以看到海底的母雞岩外礁一大一小並排。礁頂2-3米、礁底21米，兩顆礁岩間的裂縫深約18米，有大量金花鱸居住。,台東縣蘭嶼鄉,0,121.570232,22.042247,https://lh3.googleusercontent.com/4aPcNac7GIvNlYq53QOfai2s1dmNiE1hGBvzJBmRqPKelDZ1UgItB5Z8bwFiQ6guF9Xm69zdcZ1ge6KirMsYrzD3RD4rWoQU1rEvsni7aoGNUOoqCRZWf8Xn15y7eDTH-W5Ouj-u=w2403,,,,,
,2019-08-13  5:22:47,2019-08-13  5:22:47,medium,outer,三塊石,尚無資料,台東縣蘭嶼鄉,0,121.552024,22.020608,https://lh3.googleusercontent.com/4aPcNac7GIvNlYq53QOfai2s1dmNiE1hGBvzJBmRqPKelDZ1UgItB5Z8bwFiQ6guF9Xm69zdcZ1ge6KirMsYrzD3RD4rWoQU1rEvsni7aoGNUOoqCRZWf8Xn15y7eDTH-W5Ouj-u=w2404,,,,,
,2019-08-13  5:22:47,2019-08-13  5:22:47,medium,outer,青蛙石藍洞,尚無資料,台東縣蘭嶼鄉,0,121.5085526,22.05970955,https://lh3.googleusercontent.com/4aPcNac7GIvNlYq53QOfai2s1dmNiE1hGBvzJBmRqPKelDZ1UgItB5Z8bwFiQ6guF9Xm69zdcZ1ge6KirMsYrzD3RD4rWoQU1rEvsni7aoGNUOoqCRZWf8Xn15y7eDTH-W5Ouj-u=w2405,,,,,
,2019-08-13  5:22:47,2019-08-13  5:22:47,medium,outer,開元港藍洞,在開元舊港外，青蛙石旁的海底藍洞，曾被國外網站評為值得自由潛水員造訪的潛點。藍洞共有3個開口，水深13-16米，三個出口相通成T字型，長度約10米。,台東縣蘭嶼鄉,0,121.508002,22.057847,https://live.staticflickr.com/2943/15146256078_76c3cb1884_z_d.jpg,,,,,